;Country;League;Date;HomeTeam;AwayTeam;FTHG;FTAG;FTR;B365H;B365D;B365A;B365>2.5;B365<2.5
99;England;England Premiere League;2021/01/11;Wolves;Everton;2;1;H;2,2;3,2;3,5;2,3;1,61
131;England;England Premiere League;2021/01/12;Southampton;Leicester;2;2;D;2,37;3,5;2,87;1,72;2,1
132;England;England Premiere League;2021/01/12;Watford;Chelsea;1;2;A;10;5,25;1,3;1,72;2,1
133;England;England Premiere League;2021/01/12;West Ham;Brighton;1;1;D;1,95;3,6;3,8;2,06;1,84
134;England;England Premiere League;2021/01/12;Wolves;Burnley;0;0;D;1,85;3,5;4,33;2,2;1,66
135;England;England Premiere League;2021/01/12;Aston Villa;Man City;1;2;A;9;5,25;1,33;1,61;2,3
136;England;England Premiere League;2021/01/12;Everton;Liverpool;1;4;A;7,5;5,25;1,36;1,57;2,37
60;England;England Premiere League;2021/02/10;Man United;Everton;1;1;D;1,45;4,33;7,5;1,8;2
61;England;England Premiere League;2021/02/10;Burnley;Norwich;0;0;D;1,85;3,6;4,33;1,9;1,9
62;England;England Premiere League;2021/02/10;Chelsea;Southampton;3;1;H;1,36;4,75;9;1,8;2
63;England;England Premiere League;2021/02/10;Leeds;Watford;1;0;H;1,7;4;4,75;1,66;2,2
64;England;England Premiere League;2021/02/10;Wolves;Newcastle;2;1;H;1,61;4,2;5,25;1,9;1,9
65;England;England Premiere League;2021/02/10;Brighton;Arsenal;0;0;D;3;3,25;2,4;2;1,8
138;England;England Premiere League;2021/02/12;Man United;Arsenal;3;2;H;1,95;3,75;3,75;1,8;2
137;England;England Premiere League;2021/02/12;Tottenham;Brentford;2;0;H;1,6;4,2;5,25;1,92;1,98
67;England;England Premiere League;2021/03/10;Tottenham;Aston Villa;2;1;H;2,1;3,6;3,4;1,9;1,9
69;England;England Premiere League;2021/03/10;Liverpool;Man City;2;2;D;2,87;3,5;2,4;1,72;2,1
66;England;England Premiere League;2021/03/10;Crystal Palace;Leicester;2;2;D;3,1;3,4;2,3;2;1,8
68;England;England Premiere League;2021/03/10;West Ham;Brentford;1;2;A;1,75;3,75;4,75;1,9;1,9
143;England;England Premiere League;2021/04/12;Watford;Man City;1;3;A;12;7;1,2;1,44;2,75
140;England;England Premiere League;2021/04/12;Newcastle;Burnley;1;0;H;2,3;3,3;3,2;1,96;1,94
141;England;England Premiere League;2021/04/12;Southampton;Brighton;1;1;D;2,45;3,2;3;2,2;1,66
139;England;England Premiere League;2021/04/12;West Ham;Chelsea;3;2;H;4,75;3,6;1,75;2;1,8
142;England;England Premiere League;2021/04/12;Wolves;Liverpool;0;1;A;8;4,75;1,4;1,66;2,2
100;England;England Premiere League;2021/05/11;Southampton;Aston Villa;1;0;H;1,95;3,6;3,75;1,72;2,1
144;England;England Premiere League;2021/05/12;Leeds;Brentford;2;2;D;1,95;3,6;3,8;1,96;1,94
147;England;England Premiere League;2021/05/12;Aston Villa;Leicester;2;1;H;2,37;3,4;3;1,9;2
146;England;England Premiere League;2021/05/12;Tottenham;Norwich;3;0;H;1,36;5;8,5;1,87;2,03
145;England;England Premiere League;2021/05/12;Man United;Crystal Palace;1;0;H;1,5;4,33;6,5;1,8;2
105;England;England Premiere League;2021/06/11;Brighton;Newcastle;1;1;D;1,57;3,9;6;1,9;1,9
101;England;England Premiere League;2021/06/11;Man United;Man City;0;2;A;4,75;4;1,7;1,57;2,37
102;England;England Premiere League;2021/06/11;Brentford;Norwich;1;2;A;1,6;4;5,75;2;1,8
103;England;England Premiere League;2021/06/11;Chelsea;Burnley;1;1;D;1,25;6;12;1,72;2,1
104;England;England Premiere League;2021/06/11;Crystal Palace;Wolves;2;0;H;2,45;3,2;3;2,37;1,57
148;England;England Premiere League;2021/06/12;Everton;Arsenal;2;1;H;3,4;3,5;2,1;2,06;1,84
106;England;England Premiere League;2021/07/11;Arsenal;Watford;1;0;H;1,36;4,75;8,5;1,57;2,37
109;England;England Premiere League;2021/07/11;West Ham;Liverpool;3;2;H;4,75;4;1,7;1,5;2,62
108;England;England Premiere League;2021/07/11;Leeds;Leicester;1;1;D;2,8;3,5;2,45;1,66;2,2
107;England;England Premiere League;2021/07/11;Everton;Tottenham;0;0;D;3,1;3,25;2,37;2;1,8
0;England;England Premiere League;2021/08/13;Brentford;Arsenal;2;0;H;4;3,4;1,95;2,1;1,72
6;England;England Premiere League;2021/08/14;Watford;Aston Villa;3;2;H;3,1;3,2;2,37;2;1,8
5;England;England Premiere League;2021/08/14;Leicester;Wolves;1;0;H;1,66;3,8;5,25;2,09;1,84
4;England;England Premiere League;2021/08/14;Everton;Southampton;3;1;H;1,9;3,5;4;2;1,8
3;England;England Premiere League;2021/08/14;Chelsea;Crystal Palace;3;0;H;1,25;5,75;13;1,8;2
2;England;England Premiere League;2021/08/14;Burnley;Brighton;1;2;A;3,1;3,1;2,45;2,5;1,53
1;England;England Premiere League;2021/08/14;Man United;Leeds;5;1;H;1,53;4,5;5,75;1,61;2,3
7;England;England Premiere League;2021/08/14;Norwich;Liverpool;0;3;A;9;5,75;1,3;1,53;2,5
8;England;England Premiere League;2021/08/15;Newcastle;West Ham;2;4;A;3,2;3,5;2,2;1,99;1,94
9;England;England Premiere League;2021/08/15;Tottenham;Man City;1;0;H;5,5;4,2;1,6;1,89;2,04
10;England;England Premiere League;2021/08/21;Liverpool;Burnley;2;0;H;1,18;7,5;13;1,53;2,5
12;England;England Premiere League;2021/08/21;Crystal Palace;Brentford;0;0;D;2,55;3,2;2,87;2,3;1,61
13;England;England Premiere League;2021/08/21;Leeds;Everton;2;2;D;2,37;3,4;3;1,72;2,1
14;England;England Premiere League;2021/08/21;Man City;Norwich;5;0;H;1,08;11;26;1,33;3,4
15;England;England Premiere League;2021/08/21;Brighton;Watford;2;0;H;1,7;3,5;5,75;2,2;1,66
11;England;England Premiere League;2021/08/21;Aston Villa;Newcastle;2;0;H;1,8;3,75;4,33;1,72;2,1
16;England;England Premiere League;2021/08/22;Southampton;Man United;1;1;D;5,5;4,2;1,57;1,72;2,1
17;England;England Premiere League;2021/08/22;Wolves;Tottenham;0;1;A;3,2;3,2;2,35;2,2;1,66
18;England;England Premiere League;2021/08/22;Arsenal;Chelsea;0;2;A;4,75;3,75;1,72;2,1;1,72
19;England;England Premiere League;2021/08/23;West Ham;Leicester;4;1;H;2,5;3,5;2,75;1,8;2
20;England;England Premiere League;2021/08/28;Man City;Arsenal;5;0;H;1,25;6;12;1,57;2,37
26;England;England Premiere League;2021/08/28;Liverpool;Chelsea;1;1;D;2,45;3,3;2,9;2;1,8
25;England;England Premiere League;2021/08/28;West Ham;Crystal Palace;2;2;D;1,55;4;6,5;1,9;1,9
24;England;England Premiere League;2021/08/28;Norwich;Leicester;1;2;A;4,5;3,5;1,85;1,8;2
23;England;England Premiere League;2021/08/28;Newcastle;Southampton;2;2;D;2,5;3,4;2,8;1,85;2,05
22;England;England Premiere League;2021/08/28;Brighton;Everton;0;2;A;2,3;3,2;3,3;2,2;1,66
21;England;England Premiere League;2021/08/28;Aston Villa;Brentford;1;1;D;1,95;3,6;3,8;1,9;1,9
29;England;England Premiere League;2021/08/29;Wolves;Man United;0;1;A;5;3,5;1,75;2;1,8
28;England;England Premiere League;2021/08/29;Tottenham;Watford;1;0;H;1,36;4,75;9;1,8;2
27;England;England Premiere League;2021/08/29;Burnley;Leeds;1;1;D;3,1;3,5;2,25;1,72;2,1
39;England;England Premiere League;2021/09/13;Everton;Burnley;3;1;H;1,7;3,75;5;2;1,8
40;England;England Premiere League;2021/09/17;Newcastle;Leeds;1;1;D;3;3,6;2,3;1,61;2,3
46;England;England Premiere League;2021/09/18;Aston Villa;Everton;3;0;H;2,4;3,3;3;2;1,8
45;England;England Premiere League;2021/09/18;Norwich;Watford;1;3;A;2,15;3,3;3,5;2,1;1,72
44;England;England Premiere League;2021/09/18;Man City;Southampton;0;0;D;1,12;9,5;17;1,36;3,2
43;England;England Premiere League;2021/09/18;Liverpool;Crystal Palace;3;0;H;1,2;7;13;1,5;2,62
42;England;England Premiere League;2021/09/18;Burnley;Arsenal;0;1;A;3,8;3,6;1,95;2;1,8
41;England;England Premiere League;2021/09/18;Wolves;Brentford;0;2;A;1,83;3,25;5;2,5;1,53
49;England;England Premiere League;2021/09/19;Tottenham;Chelsea;0;3;A;5;3,8;1,7;2;1,8
47;England;England Premiere League;2021/09/19;Brighton;Leicester;2;1;H;2,7;3,2;2,75;2,1;1,72
48;England;England Premiere League;2021/09/19;West Ham;Man United;1;2;A;4,33;4;1,75;1,66;2,2
53;England;England Premiere League;2021/09/25;Leeds;West Ham;1;2;A;3;3,6;2,25;1,57;2,37
50;England;England Premiere League;2021/09/25;Chelsea;Man City;0;1;A;2,62;3,2;2,75;2,1;1,72
51;England;England Premiere League;2021/09/25;Man United;Aston Villa;0;1;A;1,36;5,25;8;1,57;2,37
52;England;England Premiere League;2021/09/25;Everton;Norwich;2;0;H;1,61;3,8;5,75;1,9;1,9
54;England;England Premiere League;2021/09/25;Leicester;Burnley;2;2;D;1,57;4;6;1,9;1,9
55;England;England Premiere League;2021/09/25;Watford;Newcastle;1;1;D;2,2;3,4;3,3;2;1,8
56;England;England Premiere League;2021/09/25;Brentford;Liverpool;3;3;D;7;4,5;1,45;1,72;2,1
57;England;England Premiere League;2021/09/26;Southampton;Wolves;0;1;A;2,62;3,2;2,8;2,1;1,72
58;England;England Premiere League;2021/09/26;Arsenal;Tottenham;3;1;H;2,15;3,3;3,5;2;1,8
59;England;England Premiere League;2021/09/27;Crystal Palace;Brighton;1;1;D;3,1;3,2;2,45;2,3;1,61
149;England;England Premiere League;2021/10/12;Brentford;Watford;2;1;H;2,25;3,3;3,3;2,01;1,89
71;England;England Premiere League;2021/10/16;Aston Villa;Wolves;2;3;A;2,15;3,25;3,5;2,1;1,72
70;England;England Premiere League;2021/10/16;Watford;Liverpool;0;5;A;8,5;5,5;1,33;1,57;2,37
73;England;England Premiere League;2021/10/16;Man City;Burnley;2;0;H;1,12;9;19;1,36;3,2
74;England;England Premiere League;2021/10/16;Norwich;Brighton;0;0;D;3,6;3,4;2,1;2,1;1,72
75;England;England Premiere League;2021/10/16;Southampton;Leeds;1;0;H;2,3;3,5;3;1,72;2,1
76;England;England Premiere League;2021/10/16;Brentford;Chelsea;0;1;A;6,5;3,8;1,57;2;1,8
72;England;England Premiere League;2021/10/16;Leicester;Man United;4;2;H;3,5;3,6;2,05;1,72;2,1
77;England;England Premiere League;2021/10/17;Everton;West Ham;0;1;A;2,5;3,4;2,8;1,9;1,9
78;England;England Premiere League;2021/10/17;Newcastle;Tottenham;2;3;A;3,5;3,6;2,05;1,8;2
79;England;England Premiere League;2021/10/18;Arsenal;Crystal Palace;2;2;D;1,6;3,8;6;1,97;1,93
80;England;England Premiere League;2021/10/22;Arsenal;Aston Villa;3;1;H;1,83;3,75;4,2;1,72;2,1
86;England;England Premiere League;2021/10/23;Brighton;Man City;1;4;A;8;4,75;1,4;1,8;2
85;England;England Premiere League;2021/10/23;Southampton;Burnley;2;2;D;1,95;3,5;3,9;1,9;1,9
84;England;England Premiere League;2021/10/23;Leeds;Wolves;1;1;D;2,4;3,4;2,87;1,9;1,9
83;England;England Premiere League;2021/10/23;Everton;Watford;2;5;A;1,65;3,8;5,5;2;1,8
82;England;England Premiere League;2021/10/23;Crystal Palace;Newcastle;1;1;D;1,9;3,6;4;1,9;1,9
81;England;England Premiere League;2021/10/23;Chelsea;Norwich;7;0;H;1,18;7;15;1,66;2,2
88;England;England Premiere League;2021/10/24;West Ham;Tottenham;1;0;H;2,3;3,5;3;1,72;2,1
89;England;England Premiere League;2021/10/24;Man United;Liverpool;0;5;A;3,1;3,6;2,2;1,53;2,5
87;England;England Premiere League;2021/10/24;Brentford;Leicester;1;2;A;2,62;3,3;2,7;1,9;1,9
96;England;England Premiere League;2021/10/30;Tottenham;Man United;0;3;A;2,87;3,6;2,37;1,72;2,1
94;England;England Premiere League;2021/10/30;Newcastle;Chelsea;0;3;A;8,5;5;1,36;1,72;2,1
93;England;England Premiere League;2021/10/30;Man City;Crystal Palace;0;2;A;1,14;8;19;1,44;2,75
92;England;England Premiere League;2021/10/30;Liverpool;Brighton;2;2;D;1,22;6,5;13;1,53;2,5
91;England;England Premiere League;2021/10/30;Burnley;Brentford;3;1;H;2,6;3,3;2,75;2,2;1,66
90;England;England Premiere League;2021/10/30;Leicester;Arsenal;0;2;A;2,4;3,5;2,87;1,8;2
95;England;England Premiere League;2021/10/30;Watford;Southampton;0;1;A;3,2;3,3;2,3;1,9;1,9
97;England;England Premiere League;2021/10/31;Norwich;Leeds;1;2;A;3,4;3,5;2,1;1,72;2,1
98;England;England Premiere League;2021/10/31;Aston Villa;West Ham;1;4;A;2,8;3,5;2,45;1,8;2
35;England;England Premiere League;2021/11/09;Southampton;West Ham;0;0;D;2,9;3,5;2,4;1,72;2,1
34;England;England Premiere League;2021/11/09;Man United;Newcastle;4;1;H;1,18;7,5;15;1,44;2,75
33;England;England Premiere League;2021/11/09;Leicester;Man City;0;1;A;6;4;1,57;1,72;2,1
32;England;England Premiere League;2021/11/09;Brentford;Brighton;0;1;A;2,8;3,2;2,62;2,5;1,53
31;England;England Premiere League;2021/11/09;Arsenal;Norwich;1;0;H;1,5;4,6;6;1,72;2,1
30;England;England Premiere League;2021/11/09;Crystal Palace;Tottenham;3;0;H;4,2;3,5;1,9;2,1;1,72
37;England;England Premiere League;2021/11/09;Chelsea;Aston Villa;3;0;H;1,28;5,5;11;1,8;2
36;England;England Premiere League;2021/11/09;Watford;Wolves;0;2;A;3,4;3,2;2,25;2,3;1,61
152;England;England Premiere League;2021/11/12;Chelsea;Leeds;3;2;H;1,25;5,75;12;1,57;2,37
154;England;England Premiere League;2021/11/12;Norwich;Man United;0;1;A;7;4,5;1,45;1,72;2,1
153;England;England Premiere League;2021/11/12;Liverpool;Aston Villa;1;0;H;1,2;7;13;1,4;3
151;England;England Premiere League;2021/11/12;Arsenal;Southampton;3;0;H;1,61;4;5,5;1,8;2
150;England;England Premiere League;2021/11/12;Man City;Wolves;1;0;H;1,14;8;19;1,53;2,5
113;England;England Premiere League;2021/11/20;Newcastle;Brentford;3;3;D;2,62;3,4;2,7;2;1,9
114;England;England Premiere League;2021/11/20;Norwich;Southampton;2;1;H;3,6;3,5;2,05;2,03;1,87
115;England;England Premiere League;2021/11/20;Watford;Man United;4;1;H;6,5;4,75;1,45;1,66;2,2
116;England;England Premiere League;2021/11/20;Wolves;West Ham;1;0;H;3;3,25;2,4;2;1,8
117;England;England Premiere League;2021/11/20;Liverpool;Arsenal;4;0;H;1,45;4,75;6,5;1,5;2,62
110;England;England Premiere League;2021/11/20;Leicester;Chelsea;0;3;A;4,75;3,75;1,75;2,03;1,87
111;England;England Premiere League;2021/11/20;Aston Villa;Brighton;2;0;H;2,45;3,3;2,9;2,1;1,72
112;England;England Premiere League;2021/11/20;Burnley;Crystal Palace;3;3;D;2,7;3,2;2,7;2,2;1,66
118;England;England Premiere League;2021/11/21;Man City;Everton;3;0;H;1,14;8;19;1,5;2,62
119;England;England Premiere League;2021/11/21;Tottenham;Leeds;2;1;H;1,7;4,2;4,5;1,72;2,1
120;England;England Premiere League;2021/11/27;Arsenal;Newcastle;2;0;H;1,44;4,75;7;1,61;2,3
121;England;England Premiere League;2021/11/27;Crystal Palace;Aston Villa;1;2;A;2,2;3,4;3,3;2,07;1,86
122;England;England Premiere League;2021/11/27;Liverpool;Southampton;4;0;H;1,28;6;9;1,4;3
123;England;England Premiere League;2021/11/27;Norwich;Wolves;0;0;D;3,5;3,3;2,15;2,3;1,61
124;England;England Premiere League;2021/11/27;Brighton;Leeds;0;0;D;2,05;3,4;3,75;1,98;1,95
127;England;England Premiere League;2021/11/28;Man City;West Ham;2;1;H;1,28;5,75;10;1,5;2,62
128;England;England Premiere League;2021/11/28;Chelsea;Man United;1;1;D;1,57;4;6;1,8;2
125;England;England Premiere League;2021/11/28;Brentford;Everton;1;0;H;2,25;3,2;3,4;2,1;1,72
126;England;England Premiere League;2021/11/28;Leicester;Watford;4;2;H;1,61;4;5,5;1,66;2,2
130;England;England Premiere League;2021/11/30;Leeds;Crystal Palace;1;0;H;2,4;3,3;3;1,94;1,96
129;England;England Premiere League;2021/11/30;Newcastle;Norwich;1;1;D;1,95;3,5;3,9;1,85;2,05
38;England;England Premiere League;2021/12/09;Leeds;Liverpool;0;3;A;4,33;4;1,75;1,57;2,37
155;England;England Premiere League;2021/12/12;Burnley;West Ham;0;0;D;3,6;3,6;2;1,87;2,03
156;England;England Premiere League;2021/12/12;Leicester;Newcastle;4;0;H;1,66;4,1;4,75;1,57;2,37
157;England;England Premiere League;2021/12/12;Crystal Palace;Everton;3;1;H;2,3;3,2;3,3;2,3;1,61
158;England;England Premiere League;2021/12/14;Norwich;Aston Villa;0;2;A;3,3;3,3;2,25;2,1;1,72
159;England;England Premiere League;2021/12/14;Man City;Leeds;7;0;H;1,14;8,5;15;1,36;3,2
162;England;England Premiere League;2021/12/15;Arsenal;West Ham;2;0;H;2,1;3,6;3,3;1,85;2,05
160;England;England Premiere League;2021/12/15;Brighton;Wolves;0;1;A;2,25;3,1;3,5;2,5;1,53
161;England;England Premiere League;2021/12/15;Crystal Palace;Southampton;2;2;D;2,15;3,3;3,5;2,1;1,72
164;England;England Premiere League;2021/12/16;Liverpool;Newcastle;3;1;H;1,12;9;19;1,33;3,4
163;England;England Premiere League;2021/12/16;Chelsea;Everton;1;1;D;1,22;6,5;13;1,72;2,1
165;England;England Premiere League;2021/12/18;Leeds;Arsenal;1;4;A;3,9;3,8;1,83;1,72;2,1
166;England;England Premiere League;2021/12/19;Newcastle;Man City;0;4;A;13;7,5;1,18;1,34;3,29
167;England;England Premiere League;2021/12/19;Wolves;Chelsea;0;0;D;7;4,2;1,5;2,1;1,72
168;England;England Premiere League;2021/12/19;Tottenham;Liverpool;2;2;D;5,25;4,75;1,53;1,66;2,2
169;England;England Premiere League;2021/12/26;Man City;Leicester;6;3;H;1,18;7,5;13;1,36;3,2
170;England;England Premiere League;2021/12/26;Norwich;Arsenal;0;5;A;8;4,75;1,4;1,72;2,1
171;England;England Premiere League;2021/12/26;Tottenham;Crystal Palace;3;0;H;1,72;3,8;4,75;1,95;1,95
172;England;England Premiere League;2021/12/26;West Ham;Southampton;2;3;A;1,8;3,9;4,2;1,72;2,1
173;England;England Premiere League;2021/12/26;Aston Villa;Chelsea;1;3;A;5,25;3,8;1,65;2,05;1,85
174;England;England Premiere League;2021/12/26;Brighton;Brentford;2;0;H;1,9;3,4;4,2;2,2;1,66
175;England;England Premiere League;2021/12/27;Newcastle;Man United;1;1;D;6,5;4,75;1,44;1,61;2,3
179;England;England Premiere League;2021/12/28;Leicester;Liverpool;1;0;H;8;5,5;1,33;1,3;3,5
178;England;England Premiere League;2021/12/28;Watford;West Ham;1;4;A;3,4;3,6;2,1;1,72;2,1
176;England;England Premiere League;2021/12/28;Crystal Palace;Norwich;3;0;H;1,65;3,75;5,5;2,2;1,66
177;England;England Premiere League;2021/12/28;Southampton;Tottenham;1;1;D;3,75;3,5;2;1,95;1,95
180;England;England Premiere League;2021/12/29;Chelsea;Brighton;1;1;D;1,4;4,5;7,5;1,93;1,97
181;England;England Premiere League;2021/12/29;Brentford;Man City;0;1;A;19;8;1,14;1,5;2,62
182;England;England Premiere League;2021/12/30;Man United;Burnley;3;1;H;1,36;5;9;1,72;2,1
183;England;England Premiere League;2022/01/01;Arsenal;Man City;1;2;A;5,75;4,75;1,5;1,57;2,37
184;England;England Premiere League;2022/01/01;Watford;Tottenham;0;1;A;5;4,2;1,61;1,72;2,1
185;England;England Premiere League;2022/01/01;Crystal Palace;West Ham;2;3;A;3,1;3,4;2,3;1,87;2,03
256;England;England Premiere League;2022/01/03;Burnley;Leicester;0;2;A;2,9;3,4;2,4;2,02;1,88
339;England;England Premiere League;2022/01/05;Tottenham;Leicester;3;1;H;1,44;4,75;7;1,57;2,37
338;England;England Premiere League;2022/01/05;Everton;Chelsea;1;0;H;5;3,6;1,75;2,02;1,88
340;England;England Premiere League;2022/01/05;West Ham;Arsenal;1;2;A;4,33;3,8;1,8;1,89;2,01
49;England;England Premiere League;2022/01/09;Leicester;Man United;0;1;A;3,4;3,75;2,05;1,66;2,2
69;England;England Premiere League;2022/01/10;Crystal Palace;Chelsea;1;2;A;4,2;3,6;1,85;2,1;1,72
67;England;England Premiere League;2022/01/10;Arsenal;Tottenham;3;1;H;2,05;3,75;3,3;1,72;2,1
72;England;England Premiere League;2022/01/10;Southampton;Everton;1;2;A;2,15;3,4;3,4;2,04;1,86
73;England;England Premiere League;2022/01/10;West Ham;Wolves;2;0;H;1,95;3,5;4,2;2,2;1,66
70;England;England Premiere League;2022/01/10;Fulham;Newcastle;1;4;A;3;3,4;2,37;1,91;1,99
68;England;England Premiere League;2022/01/10;Bournemouth;Brentford;0;0;D;3,3;3,4;2,2;2,02;1,88
71;England;England Premiere League;2022/01/10;Liverpool;Brighton;3;3;D;1,33;5,25;8,5;1,53;2,5
193;England;England Premiere League;2022/01/14;Brighton;Crystal Palace;1;1;D;2,05;3,3;3,8;2,2;1,66
197;England;England Premiere League;2022/01/15;Wolves;Southampton;3;1;H;2,25;3,2;3,4;2,5;1,53
194;England;England Premiere League;2022/01/15;Man City;Chelsea;1;0;H;1,65;4;5;1,85;2,05
195;England;England Premiere League;2022/01/15;Newcastle;Watford;1;1;D;2;3,6;3,6;1,8;2
196;England;England Premiere League;2022/01/15;Norwich;Everton;2;1;H;3,75;3,5;2;2,1;1,72
198;England;England Premiere League;2022/01/15;Aston Villa;Man United;2;2;D;2,87;3,5;2,4;1,89;2,01
199;England;England Premiere League;2022/01/16;Liverpool;Brentford;3;0;H;1,3;5,5;10;1,66;2,2
200;England;England Premiere League;2022/01/16;West Ham;Leeds;2;3;A;1,61;4,2;5;1,61;2,3
201;England;England Premiere League;2022/01/18;Brighton;Chelsea;1;1;D;4,75;3,75;1,72;2,1;1,72
203;England;England Premiere League;2022/01/19;Brentford;Man United;1;3;A;4,5;3,7;1,8;1,93;1,97
202;England;England Premiere League;2022/01/19;Leicester;Tottenham;2;3;A;3;3,5;2,3;1,72;2,1
204;England;England Premiere League;2022/01/21;Watford;Norwich;0;3;A;2;3,5;3,75;1,94;1,96
205;England;England Premiere League;2022/01/22;Everton;Aston Villa;0;1;A;2,75;3,25;2,62;2,05;1,85
206;England;England Premiere League;2022/01/22;Brentford;Wolves;1;2;A;3,2;2,8;2,6;2,5;1,53
207;England;England Premiere League;2022/01/22;Leeds;Newcastle;0;1;A;2;3,5;3,75;1,66;2,2
208;England;England Premiere League;2022/01/22;Man United;West Ham;1;0;H;1,85;3,8;4;1,66;2,2
209;England;England Premiere League;2022/01/22;Southampton;Man City;1;1;D;10;6,5;1,25;1,44;2,75
213;England;England Premiere League;2022/01/23;Chelsea;Tottenham;2;0;H;1,61;4,2;5;1,94;1,96
212;England;England Premiere League;2022/01/23;Leicester;Brighton;1;1;D;2,5;3,25;2,9;1,98;1,92
211;England;England Premiere League;2022/01/23;Crystal Palace;Liverpool;1;3;A;6;4,2;1,53;1,72;2,1
210;England;England Premiere League;2022/01/23;Arsenal;Burnley;0;0;D;1,36;4,75;9;1,8;2
188;England;England Premiere League;2022/02/01;Leeds;Burnley;3;1;H;2,05;3,5;3,5;1,72;2,1
186;England;England Premiere League;2022/02/01;Brentford;Aston Villa;2;1;H;3;3,3;2,4;2;1,8
187;England;England Premiere League;2022/02/01;Everton;Brighton;2;3;A;2,75;3,2;2,62;2,2;1,66
189;England;England Premiere League;2022/02/01;Chelsea;Liverpool;2;2;D;3,1;3,5;2,25;1,83;2,07
291;England;England Premiere League;2022/02/04;Chelsea;Brentford;1;4;A;1,33;5;10;1,91;1,99
290;England;England Premiere League;2022/02/04;Burnley;Man City;0;2;A;15;6,5;1,2;1,57;2,37
293;England;England Premiere League;2022/02/04;Wolves;Aston Villa;2;1;H;3;3,1;2,55;2,37;1,57
292;England;England Premiere League;2022/02/04;Leeds;Southampton;1;1;D;2,37;3,75;2,75;1,61;2,3
288;England;England Premiere League;2022/02/04;Liverpool;Watford;2;0;H;1,12;9,5;17;1,36;3,2
294;England;England Premiere League;2022/02/04;Man United;Leicester;1;1;D;1,5;4,5;6;1,57;2,37
289;England;England Premiere League;2022/02/04;Brighton;Norwich;0;0;D;1,5;4;7;2;1,8
341;England;England Premiere League;2022/02/05;Man United;Brentford;3;0;H;1,72;4;4,5;1,72;2,1
74;England;England Premiere League;2022/02/10;Man City;Man United;6;3;H;1,33;5,75;7,5;1,44;2,75
75;England;England Premiere League;2022/02/10;Leeds;Aston Villa;0;0;D;2,35;3,4;3;1,8;2
231;England;England Premiere League;2022/02/13;Tottenham;Wolves;0;2;A;1,7;3,6;5,5;2,2;1,66
232;England;England Premiere League;2022/02/13;Leicester;West Ham;2;2;D;2,9;3,5;2,3;1,66;2,2
230;England;England Premiere League;2022/02/13;Newcastle;Aston Villa;1;0;H;2,7;3,3;2,62;1,85;2,05
229;England;England Premiere League;2022/02/13;Burnley;Liverpool;0;1;A;10;5,25;1,28;1,57;2,37
233;England;England Premiere League;2022/02/15;Man United;Brighton;2;0;H;1,72;3,75;4,75;1,92;1,98
234;England;England Premiere League;2022/02/19;West Ham;Newcastle;1;1;D;1,7;4;4,75;1,8;2
235;England;England Premiere League;2022/02/19;Arsenal;Brentford;2;1;H;1,44;4,2;8;1,97;1,93
236;England;England Premiere League;2022/02/19;Aston Villa;Watford;0;1;A;1,65;3,6;5,75;2,01;1,89
238;England;England Premiere League;2022/02/19;Crystal Palace;Chelsea;0;1;A;5,5;3,8;1,65;2,05;1,85
239;England;England Premiere League;2022/02/19;Liverpool;Norwich;3;1;H;1,1;9;23;1,36;3,2
240;England;England Premiere League;2022/02/19;Southampton;Everton;2;0;H;2,1;3,5;3,5;1,72;2,1
241;England;England Premiere League;2022/02/19;Man City;Tottenham;2;3;A;1,28;6;10;1,57;2,37
237;England;England Premiere League;2022/02/19;Brighton;Burnley;0;3;A;1,66;3,5;6;2,2;1,66
242;England;England Premiere League;2022/02/20;Leeds;Man United;2;4;A;3,9;3,8;1,85;1,61;2,3
243;England;England Premiere League;2022/02/20;Wolves;Leicester;2;1;H;2,25;3,3;3,25;2,1;1,72
246;England;England Premiere League;2022/02/23;Liverpool;Leeds;6;0;H;1,16;8;15;1,28;3,75
244;England;England Premiere League;2022/02/23;Burnley;Tottenham;1;0;H;4,6;3,8;1,75;2,1;1,72
245;England;England Premiere League;2022/02/23;Watford;Crystal Palace;1;4;A;3,1;3,3;2,3;2,2;1,66
247;England;England Premiere League;2022/02/24;Arsenal;Wolves;2;1;H;1,65;3,8;5,5;2,2;1,66
248;England;England Premiere League;2022/02/25;Southampton;Norwich;2;0;H;1,53;4,33;6;1,72;2,1
254;England;England Premiere League;2022/02/26;Everton;Man City;0;1;A;10;5,75;1,28;1,57;2,37
249;England;England Premiere League;2022/02/26;Leeds;Tottenham;0;4;A;4,2;3,6;1,85;1,61;2,3
252;England;England Premiere League;2022/02/26;Man United;Watford;0;0;D;1,3;5,5;9,5;1,61;2,3
251;England;England Premiere League;2022/02/26;Crystal Palace;Burnley;1;1;D;1,9;3,6;4;2,2;1,66
250;England;England Premiere League;2022/02/26;Brentford;Newcastle;0;2;A;2,5;3,2;3;2,3;1,61
253;England;England Premiere League;2022/02/26;Brighton;Aston Villa;0;2;A;2,2;3,3;3,5;2,1;1,72
255;England;England Premiere League;2022/02/27;West Ham;Wolves;1;0;H;2,05;3,3;3,8;2,3;1,61
190;England;England Premiere League;2022/03/01;Man United;Wolves;0;1;A;1,53;4,33;6;1,98;1,92
295;England;England Premiere League;2022/03/04;West Ham;Everton;2;1;H;1,75;3,8;4,5;2;1,9
296;England;England Premiere League;2022/03/04;Tottenham;Newcastle;5;1;H;1,5;4,33;6,5;1,8;2
53;England;England Premiere League;2022/03/09;Newcastle;Crystal Palace;0;0;D;2;3,5;3,75;2;1,8
50;England;England Premiere League;2022/03/09;Everton;Liverpool;0;0;D;7;4,75;1,4;1,57;2,37
51;England;England Premiere League;2022/03/09;Brentford;Leeds;5;2;H;2,1;3,5;3,4;1,72;2,1
52;England;England Premiere League;2022/03/09;Chelsea;West Ham;2;1;H;1,55;4,5;5,5;1,72;2,1
54;England;England Premiere League;2022/03/09;Nott'm Forest;Bournemouth;2;3;A;1,95;3,5;3,8;2,1;1,72
57;England;England Premiere League;2022/03/09;Aston Villa;Man City;1;1;D;8;5,5;1,33;1,53;2,5
56;England;England Premiere League;2022/03/09;Wolves;Southampton;1;0;H;2,2;3,4;3,25;2,04;1,86
55;England;England Premiere League;2022/03/09;Tottenham;Fulham;2;1;H;1,5;4,5;6,5;1,61;2,3
76;England;England Premiere League;2022/03/10;Leicester;Nott'm Forest;4;0;H;1,75;4;4,33;1,66;2,2
279;England;England Premiere League;2022/03/13;Arsenal;Leicester;2;0;H;1,5;4,5;6;1,61;2,3
278;England;England Premiere League;2022/03/13;West Ham;Aston Villa;2;1;H;2,25;3,3;3,3;2,01;1,89
274;England;England Premiere League;2022/03/13;Chelsea;Newcastle;1;0;H;1,3;5,25;11;1,72;2,1
275;England;England Premiere League;2022/03/13;Everton;Wolves;0;1;A;2,3;3,2;3,3;2,3;1,61
276;England;England Premiere League;2022/03/13;Leeds;Norwich;2;1;H;1,55;4,2;5,75;1,66;2,2
277;England;England Premiere League;2022/03/13;Southampton;Watford;1;2;A;1,6;4,2;5,25;1,8;2
280;England;England Premiere League;2022/03/14;Crystal Palace;Man City;0;0;D;10;5;1,33;1,72;2,1
281;England;England Premiere League;2022/03/16;Brighton;Tottenham;0;2;A;3,3;3,3;2,25;2;1,8
282;England;England Premiere League;2022/03/16;Arsenal;Liverpool;0;2;A;3,5;4;1,9;1,72;2,1
283;England;England Premiere League;2022/03/17;Everton;Newcastle;1;0;H;2,4;3,25;3,1;1,9;2
284;England;England Premiere League;2022/03/18;Wolves;Leeds;2;3;A;2,1;3,5;3,4;1,99;1,91
285;England;England Premiere League;2022/03/19;Aston Villa;Arsenal;0;1;A;3;3,3;2,4;1,92;1,98
286;England;England Premiere League;2022/03/20;Leicester;Brentford;2;1;H;2,15;3,4;3,4;1,91;1,99
287;England;England Premiere League;2022/03/20;Tottenham;West Ham;3;1;H;1,72;3,8;4,75;1,72;2,1
297;England;England Premiere League;2022/04/04;Crystal Palace;Arsenal;3;0;H;4;3,4;1,95;2,1;1,72
58;England;England Premiere League;2022/04/09;Brighton;Leicester;5;2;H;1,83;3,5;4,5;2,01;1,89
59;England;England Premiere League;2022/04/09;Man United;Arsenal;3;1;H;2,5;3,5;2,7;1,66;2,2
311;England;England Premiere League;2022/04/16;Southampton;Arsenal;1;0;H;3,8;3,6;1,95;1,9;2
312;England;England Premiere League;2022/04/16;Watford;Brentford;1;2;A;2,7;3,3;2,55;2,1;1,72
309;England;England Premiere League;2022/04/16;Tottenham;Brighton;0;1;A;1,53;4;6,5;1,9;2
310;England;England Premiere League;2022/04/16;Man United;Norwich;3;2;H;1,25;6,5;10;1,5;2,62
314;England;England Premiere League;2022/04/17;West Ham;Burnley;1;1;D;1,7;3,8;5;1,95;1,95
313;England;England Premiere League;2022/04/17;Newcastle;Leicester;2;1;H;2,2;3,4;3,3;1,99;1,91
315;England;England Premiere League;2022/04/19;Liverpool;Man United;4;0;H;1,4;5;7;1,5;2,62
319;England;England Premiere League;2022/04/20;Man City;Brighton;3;0;H;1,16;7;17;1,61;2,3
318;England;England Premiere League;2022/04/20;Newcastle;Crystal Palace;1;0;H;2,25;3,4;3,25;2,2;1,66
317;England;England Premiere League;2022/04/20;Everton;Leicester;1;1;D;2,25;3,4;3,25;1,92;1,98
316;England;England Premiere League;2022/04/20;Chelsea;Arsenal;2;4;A;1,83;3,6;4,33;2,1;1,8
320;England;England Premiere League;2022/04/21;Burnley;Southampton;2;0;H;2,75;3,25;2,62;1,98;1,92
322;England;England Premiere League;2022/04/23;Leicester;Aston Villa;0;0;D;2,8;3,4;2,5;1,85;2,05
323;England;England Premiere League;2022/04/23;Man City;Watford;5;1;H;1,1;10;26;1,36;3,2
324;England;England Premiere League;2022/04/23;Norwich;Newcastle;0;3;A;3,5;3,3;2,15;1,98;1,92
321;England;England Premiere League;2022/04/23;Arsenal;Man United;3;1;H;2,05;3,5;3,5;1,81;2,09
325;England;England Premiere League;2022/04/23;Brentford;Tottenham;0;0;D;4,33;3,5;1,85;1,89;2,01
327;England;England Premiere League;2022/04/24;Burnley;Wolves;1;0;H;2,7;3;2,87;2,37;1,57
328;England;England Premiere League;2022/04/24;Chelsea;West Ham;1;0;H;1,5;4,33;6,5;1,83;2,07
326;England;England Premiere League;2022/04/24;Brighton;Southampton;2;2;D;2,1;3,4;3,6;2,02;1,88
329;England;England Premiere League;2022/04/24;Liverpool;Everton;2;0;H;1,18;7;15;1,44;2,75
330;England;England Premiere League;2022/04/25;Crystal Palace;Leeds;0;0;D;2,05;3,5;3,5;1,88;2,02
331;England;England Premiere League;2022/04/28;Man United;Chelsea;1;1;D;3,2;3,4;2,25;1,86;2,04
333;England;England Premiere League;2022/04/30;Aston Villa;Norwich;2;0;H;1,4;4,5;9;1,66;2,2
332;England;England Premiere League;2022/04/30;Newcastle;Liverpool;0;1;A;8,5;5;1,36;1,66;2,2
334;England;England Premiere League;2022/04/30;Southampton;Crystal Palace;1;2;A;2,4;3,3;3,1;2,03;1,87
336;England;England Premiere League;2022/04/30;Wolves;Brighton;0;3;A;2,7;3,2;2,75;2,5;1,53
335;England;England Premiere League;2022/04/30;Watford;Burnley;1;2;A;2,6;3,3;2,75;2,1;1,72
337;England;England Premiere League;2022/04/30;Leeds;Man City;0;4;A;8,5;6;1,3;1,5;2,62
214;England;England Premiere League;2022/05/02;Burnley;Watford;0;0;D;2,2;3,25;3,5;2,1;1,72
259;England;England Premiere League;2022/05/03;Burnley;Chelsea;0;4;A;6,5;4,33;1,5;2,1;1,72
258;England;England Premiere League;2022/05/03;Aston Villa;Southampton;4;0;H;2,3;3,5;3;1,86;2,04
260;England;England Premiere League;2022/05/03;Newcastle;Brighton;2;1;H;2,75;3,2;2,62;2,3;1,61
261;England;England Premiere League;2022/05/03;Norwich;Brentford;1;3;A;2,9;3,1;2,5;2,3;1,61
257;England;England Premiere League;2022/05/03;Leicester;Leeds;1;0;H;1,75;4;4,2;1,53;2,5
263;England;England Premiere League;2022/05/03;Liverpool;West Ham;1;0;H;1,28;5,75;9,5;1,5;2,62
262;England;England Premiere League;2022/05/03;Wolves;Crystal Palace;0;2;A;2,3;3,1;3,4;2,62;1,5
0;England;England Premiere League;2022/05/08;Crystal Palace;Arsenal;0;2;A;4,2;3,6;1,85;2,1;1,72
126;England;England Premiere League;2022/05/11;Leeds;Bournemouth;4;3;H;1,72;3,8;4,75;1,8;2
127;England;England Premiere League;2022/05/11;Man City;Fulham;2;1;H;1,11;9,5;19;1,28;3,75
128;England;England Premiere League;2022/05/11;Nott'm Forest;Brentford;2;2;D;2,75;3,3;2,6;2,03;1,87
129;England;England Premiere League;2022/05/11;Wolves;Brighton;2;3;A;3,3;3,3;2,25;2,1;1,72
130;England;England Premiere League;2022/05/11;Everton;Leicester;0;2;A;2,4;3,3;3;2;1,8
360;England;England Premiere League;2022/05/15;Leeds;Brighton;1;1;D;2,62;3,5;2,62;1,84;2,06
361;England;England Premiere League;2022/05/15;Watford;Leicester;1;5;A;3,8;3,5;1,95;1,72;2,1
362;England;England Premiere League;2022/05/15;West Ham;Man City;2;2;D;7,5;5;1,4;1,53;2,5
363;England;England Premiere League;2022/05/15;Wolves;Norwich;1;1;D;1,45;4,75;6,5;1,86;2,04
364;England;England Premiere League;2022/05/15;Everton;Brentford;2;3;A;2,05;3,6;3,5;2,03;1,87
359;England;England Premiere League;2022/05/15;Aston Villa;Crystal Palace;1;1;D;2;3,5;3,75;1,93;1,97
358;England;England Premiere League;2022/05/15;Tottenham;Burnley;1;0;H;1,33;5,25;9;1,57;2,37
365;England;England Premiere League;2022/05/16;Newcastle;Arsenal;2;0;H;4,33;3,6;1,83;1,9;2
366;England;England Premiere League;2022/05/17;Southampton;Liverpool;1;2;A;7,5;5,5;1,33;1,44;2,75
368;England;England Premiere League;2022/05/19;Aston Villa;Burnley;1;1;D;2,05;3,5;3,6;1,99;1,91
367;England;England Premiere League;2022/05/19;Everton;Crystal Palace;3;2;H;1,9;3,4;4,33;2;1,8
369;England;England Premiere League;2022/05/19;Chelsea;Leicester;1;1;D;1,4;4,75;8;1,61;2,3
370;England;England Premiere League;2022/05/22;Arsenal;Everton;5;1;H;1,36;4,75;9;1,57;2,37
371;England;England Premiere League;2022/05/22;Brentford;Leeds;1;2;A;2,45;3,8;2,62;1,57;2,37
372;England;England Premiere League;2022/05/22;Brighton;West Ham;3;1;H;2,37;3,5;2,9;1,72;2,1
373;England;England Premiere League;2022/05/22;Burnley;Newcastle;1;2;A;2,25;3,4;3,2;1,94;1,96
374;England;England Premiere League;2022/05/22;Chelsea;Watford;2;1;H;1,18;7,5;15;1,44;2,75
375;England;England Premiere League;2022/05/22;Crystal Palace;Man United;1;0;H;3;3,6;2,25;1,72;2,1
376;England;England Premiere League;2022/05/22;Leicester;Southampton;4;1;H;1,85;4;3,8;1,57;2,37
377;England;England Premiere League;2022/05/22;Liverpool;Wolves;3;1;H;1,14;8,5;15;1,44;2,75
378;England;England Premiere League;2022/05/22;Man City;Aston Villa;3;2;H;1,16;8;17;1,44;2,75
379;England;England Premiere League;2022/05/22;Norwich;Tottenham;0;5;A;9,5;6,5;1,25;1,44;2,75
264;England;England Premiere League;2022/06/03;Watford;Arsenal;2;3;A;6;4;1,57;2,05;1,85
265;England;England Premiere League;2022/06/03;Man City;Man United;4;1;H;1,4;4,75;7,5;1,61;2,3
298;England;England Premiere League;2022/06/04;Burnley;Everton;3;2;H;2,62;3,1;2,87;2,2;1,66
3;England;England Premiere League;2022/06/08;Leeds;Wolves;2;1;H;2,25;3,4;3,2;2,05;1,85
2;England;England Premiere League;2022/06/08;Bournemouth;Aston Villa;2;0;H;3,75;3,5;2;2;1,8
1;England;England Premiere League;2022/06/08;Fulham;Liverpool;2;2;D;11;6;1,25;1,5;2,62
6;England;England Premiere League;2022/06/08;Everton;Chelsea;0;1;A;5,5;4;1,61;2,02;1,88
4;England;England Premiere League;2022/06/08;Newcastle;Nott'm Forest;2;0;H;1,66;3,8;5,25;2,05;1,85
5;England;England Premiere League;2022/06/08;Tottenham;Southampton;4;1;H;1,33;5,5;8,5;1,61;2,3
135;England;England Premiere League;2022/06/11;Tottenham;Liverpool;1;2;A;3,3;3,6;2,1;1,66;2,2
134;England;England Premiere League;2022/06/11;West Ham;Crystal Palace;1;2;A;1,9;3,4;4,2;2,1;1,72
133;England;England Premiere League;2022/06/11;Southampton;Newcastle;1;4;A;4;3,6;1,9;1,95;1,95
132;England;England Premiere League;2022/06/11;Aston Villa;Man United;3;1;H;3,3;3,8;2,1;1,94;1,96
131;England;England Premiere League;2022/06/11;Chelsea;Arsenal;0;1;A;2,55;3,4;2,7;1,93;1,97
266;England;England Premiere League;2022/07/03;Tottenham;Everton;5;0;H;1,57;3,8;5,75;1,72;2,1
347;England;England Premiere League;2022/07/05;Liverpool;Tottenham;1;1;D;1,4;5;7;1,53;2,5
346;England;England Premiere League;2022/07/05;Brighton;Man United;4;0;H;2,8;3,5;2,45;1,95;1,95
345;England;England Premiere League;2022/07/05;Crystal Palace;Watford;1;0;H;1,65;4;5;1,99;1,91
344;England;England Premiere League;2022/07/05;Chelsea;Wolves;2;2;D;1,33;5;9,5;1,93;1,97
343;England;England Premiere League;2022/07/05;Burnley;Aston Villa;1;3;A;3;3,3;2,4;2,07;1,83
342;England;England Premiere League;2022/07/05;Brentford;Southampton;3;0;H;2,15;3,5;3,3;1,95;1,95
7;England;England Premiere League;2022/07/08;Leicester;Brentford;2;2;D;2;3,75;3,5;1,72;2,1
8;England;England Premiere League;2022/07/08;Man United;Brighton;1;2;A;1,6;4,2;5,25;1,92;1,98
9;England;England Premiere League;2022/07/08;West Ham;Man City;0;2;A;8;5;1,36;1,53;2,5
216;England;England Premiere League;2022/08/02;West Ham;Watford;1;0;H;1,55;4,2;5,75;1,72;2,1
217;England;England Premiere League;2022/08/02;Burnley;Man United;1;1;D;5,5;4;1,61;1,85;2,05
215;England;England Premiere League;2022/08/02;Newcastle;Everton;3;1;H;2,5;3,25;2,87;1,91;1,99
299;England;England Premiere League;2022/08/04;Newcastle;Wolves;1;0;H;2,25;3,1;3,4;2,37;1,57
351;England;England Premiere League;2022/08/05;Man City;Newcastle;5;0;H;1,16;7;17;1,5;2,62
348;England;England Premiere League;2022/08/05;Arsenal;Leeds;2;1;H;1,45;4,5;7;1,61;2,3
350;England;England Premiere League;2022/08/05;Norwich;West Ham;0;4;A;4,5;3,8;1,75;1,85;2,05
349;England;England Premiere League;2022/08/05;Leicester;Everton;1;2;A;2,6;3,3;2,75;2,01;1,89
80;England;England Premiere League;2022/08/10;Newcastle;Brentford;5;1;H;1,83;3,8;4,2;1,72;2,1
78;England;England Premiere League;2022/08/10;Chelsea;Wolves;3;0;H;1,4;4,5;8;1,87;2,03
77;England;England Premiere League;2022/08/10;Bournemouth;Leicester;2;1;H;3,6;3,4;2,05;1,8;2
79;England;England Premiere League;2022/08/10;Man City;Southampton;4;0;H;1,11;10;17;1,25;4
81;England;England Premiere League;2022/08/10;Brighton;Tottenham;0;1;A;2,8;3,4;2,5;1,88;2,02
10;England;England Premiere League;2022/08/13;Aston Villa;Everton;2;1;H;1,8;3,5;4,75;2,1;1,72
11;England;England Premiere League;2022/08/13;Arsenal;Leicester;4;2;H;1,53;4,33;5,75;1,66;2,2
12;England;England Premiere League;2022/08/13;Brighton;Newcastle;0;0;D;2,45;3,2;3;2,1;1,72
13;England;England Premiere League;2022/08/13;Man City;Bournemouth;4;0;H;1,06;13;29;1,33;3,4
14;England;England Premiere League;2022/08/13;Southampton;Leeds;2;2;D;2,25;3,5;3,1;1,72;2,1
15;England;England Premiere League;2022/08/13;Wolves;Fulham;0;0;D;2,3;3,3;3,2;2,1;1,72
16;England;England Premiere League;2022/08/13;Brentford;Man United;4;0;H;3,75;3,5;2;1,8;2
17;England;England Premiere League;2022/08/14;Nott'm Forest;West Ham;1;0;H;4,2;3,6;1,85;1,92;1,98
18;England;England Premiere League;2022/08/14;Chelsea;Tottenham;2;2;D;2,25;3,4;3,2;1,98;1,92
19;England;England Premiere League;2022/08/15;Liverpool;Crystal Palace;1;1;D;1,18;6,75;16;1,57;2,37
21;England;England Premiere League;2022/08/20;Crystal Palace;Aston Villa;3;1;H;2,5;3,25;2,9;2,2;1,66
22;England;England Premiere League;2022/08/20;Everton;Nott'm Forest;1;1;D;1,9;3,6;4;2,1;1,72
23;England;England Premiere League;2022/08/20;Fulham;Brentford;3;2;H;2,45;3,4;2,9;1,96;1,94
24;England;England Premiere League;2022/08/20;Leicester;Southampton;1;2;A;1,83;4;4;1,61;2,3
25;England;England Premiere League;2022/08/20;Bournemouth;Arsenal;0;3;A;8;4,75;1,4;1,72;2,1
20;England;England Premiere League;2022/08/20;Tottenham;Wolves;1;0;H;1,4;4,75;7,5;1,72;2,1
28;England;England Premiere League;2022/08/21;Newcastle;Man City;3;3;D;7,5;5;1,36;1,66;2,2
26;England;England Premiere League;2022/08/21;Leeds;Chelsea;3;0;H;5,75;4,5;1,53;1,66;2,2
27;England;England Premiere League;2022/08/21;West Ham;Brighton;0;2;A;2,3;3,4;3,1;1,99;1,91
29;England;England Premiere League;2022/08/22;Man United;Liverpool;2;1;H;5,25;4,33;1,6;1,5;2,62
36;England;England Premiere League;2022/08/27;Arsenal;Fulham;2;1;H;1,3;5,75;9;1,5;2,62
35;England;England Premiere League;2022/08/27;Man City;Crystal Palace;4;2;H;1,18;7,5;13;1,44;2,75
34;England;England Premiere League;2022/08/27;Liverpool;Bournemouth;9;0;H;1,1;10;26;1,36;3,2
33;England;England Premiere League;2022/08/27;Chelsea;Leicester;2;1;H;1,4;5;7;1,61;2,3
32;England;England Premiere League;2022/08/27;Brighton;Leeds;1;0;H;1,9;3,8;3,8;1,88;2,02
31;England;England Premiere League;2022/08/27;Brentford;Everton;1;1;D;2;3,5;3,75;2,06;1,84
30;England;England Premiere League;2022/08/27;Southampton;Man United;0;1;A;4,2;4;1,8;1,57;2,37
38;England;England Premiere League;2022/08/28;Wolves;Newcastle;1;1;D;2,7;3,3;2,7;2,1;1,72
39;England;England Premiere League;2022/08/28;Nott'm Forest;Tottenham;0;2;A;7;4,6;1,44;1,72;2,1
37;England;England Premiere League;2022/08/28;Aston Villa;West Ham;0;1;A;2,3;3,4;3,1;1,91;1,99
40;England;England Premiere League;2022/08/30;Crystal Palace;Brentford;1;1;D;2,05;3,4;3,6;2,1;1,72
41;England;England Premiere League;2022/08/30;Fulham;Brighton;2;1;H;3,1;3,3;2,3;2,01;1,89
42;England;England Premiere League;2022/08/30;Southampton;Chelsea;2;1;H;5,25;4;1,61;1,72;2,1
43;England;England Premiere League;2022/08/30;Leeds;Everton;1;1;D;2,15;3,5;3,3;1,87;2,03
48;England;England Premiere League;2022/08/31;Liverpool;Newcastle;2;1;H;1,33;5,25;9;1,5;2,62
47;England;England Premiere League;2022/08/31;West Ham;Tottenham;1;1;D;3,6;3,8;1,95;1,72;2,1
45;England;England Premiere League;2022/08/31;Bournemouth;Wolves;0;0;D;3,5;3,3;2,15;2,1;1,72
44;England;England Premiere League;2022/08/31;Arsenal;Aston Villa;2;1;H;1,45;4,5;6;1,72;2,1
46;England;England Premiere League;2022/08/31;Man City;Nott'm Forest;6;0;H;1,06;13;29;1,22;4,33
220;England;England Premiere League;2022/09/02;Tottenham;Southampton;2;3;A;1,6;4;5,5;1,8;2
218;England;England Premiere League;2022/09/02;Man City;Brentford;2;0;H;1,1;9,5;23;1,36;3,2
219;England;England Premiere League;2022/09/02;Norwich;Crystal Palace;1;1;D;3,5;3,25;2,15;2,1;1,72
221;England;England Premiere League;2022/09/02;Aston Villa;Leeds;3;3;D;1,8;3,8;4,2;1,72;2,1
304;England;England Premiere League;2022/09/04;Aston Villa;Tottenham;0;4;A;3,2;3,4;2,25;1,86;2,04
302;England;England Premiere League;2022/09/04;Southampton;Chelsea;0;6;A;3,8;3,6;1,95;1,95;1,95
301;England;England Premiere League;2022/09/04;Arsenal;Brighton;1;2;A;1,61;3,8;5,75;2,04;1,86
300;England;England Premiere League;2022/09/04;Everton;Man United;1;0;H;4,6;3,75;1,75;1,85;2,05
303;England;England Premiere League;2022/09/04;Watford;Leeds;0;3;A;2,7;3,4;2,55;1,72;2,1
82;England;England Premiere League;2022/09/10;Crystal Palace;Leeds;2;1;H;2,05;3,5;3,6;1,86;2,04
83;England;England Premiere League;2022/09/10;West Ham;Fulham;3;1;H;1,72;3,8;4,75;1,8;2
84;England;England Premiere League;2022/09/10;Arsenal;Liverpool;3;2;H;2,5;3,6;2,62;1,57;2,37
85;England;England Premiere League;2022/09/10;Everton;Man United;1;2;A;3,6;3,5;2,05;1,88;2,02
60;England;England Premiere League;2022/09/16;Aston Villa;Southampton;1;0;H;2,1;3,5;3,5;1,88;2,02
61;England;England Premiere League;2022/09/16;Nott'm Forest;Fulham;2;3;A;2,75;3,3;2,62;1,93;1,97
63;England;England Premiere League;2022/09/17;Newcastle;Bournemouth;1;1;D;1,44;4,4;7,5;1,87;2,03
64;England;England Premiere League;2022/09/17;Tottenham;Leicester;6;2;H;1,45;4,5;7;1,57;2,37
62;England;England Premiere League;2022/09/17;Wolves;Man City;0;3;A;9,5;5;1,33;1,57;2,37
66;England;England Premiere League;2022/09/18;Everton;West Ham;1;0;H;2,9;3,25;2,5;2,06;1,84
65;England;England Premiere League;2022/09/18;Brentford;Arsenal;0;3;A;4,2;3,8;1,8;1,66;2,2
223;England;England Premiere League;2022/10/02;Wolves;Arsenal;0;1;A;3,5;3,2;2,2;2,3;1,61
222;England;England Premiere League;2022/10/02;Liverpool;Leicester;2;0;H;1,25;6,5;10;1,33;3,4
269;England;England Premiere League;2022/10/03;Wolves;Watford;4;0;H;1,75;3,6;4,5;2,3;1,61
268;England;England Premiere League;2022/10/03;Southampton;Newcastle;1;2;A;2;3,75;3,5;1,8;2
267;England;England Premiere League;2022/10/03;Norwich;Chelsea;1;3;A;11;4,75;1,3;1,72;2,1
270;England;England Premiere League;2022/10/03;Leeds;Aston Villa;0;3;A;2,7;3,5;2,5;1,72;2,1
305;England;England Premiere League;2022/10/04;Brentford;West Ham;2;0;H;2,62;3,3;2,62;2,1;1,72
306;England;England Premiere League;2022/10/04;Leicester;Crystal Palace;2;1;H;2,37;3,3;2,9;1,99;1,91
307;England;England Premiere League;2022/10/04;Norwich;Burnley;2;0;H;2,87;3,2;2,55;2,3;1,61
308;England;England Premiere League;2022/10/04;Man City;Liverpool;2;2;D;2;3,75;3,5;1,72;2,1
352;England;England Premiere League;2022/10/05;Aston Villa;Liverpool;1;2;A;7,5;4,75;1,4;1,61;2,3
86;England;England Premiere League;2022/10/10;Nott'm Forest;Aston Villa;1;1;D;3,3;3,4;2,2;2,03;1,87
87;England;England Premiere League;2022/10/14;Brentford;Brighton;2;0;H;3,1;3,4;2,3;1,97;1,93
89;England;England Premiere League;2022/10/15;Fulham;Bournemouth;2;2;D;1,85;3,75;4;1,96;1,94
91;England;England Premiere League;2022/10/15;Tottenham;Everton;2;0;H;1,5;4,5;6,5;1,72;2,1
88;England;England Premiere League;2022/10/15;Leicester;Crystal Palace;0;0;D;2,3;3,4;3,1;1,89;2,01
90;England;England Premiere League;2022/10/15;Wolves;Nott'm Forest;1;0;H;1,7;3,75;5;2,06;1,84
95;England;England Premiere League;2022/10/16;Southampton;West Ham;1;1;D;2,9;3,4;2,4;2;1,9
96;England;England Premiere League;2022/10/16;Liverpool;Man City;1;0;H;3,6;4;1,9;1,44;2,75
92;England;England Premiere League;2022/10/16;Aston Villa;Chelsea;0;2;A;4,33;3,75;1,8;2,03;1,87
94;England;England Premiere League;2022/10/16;Man United;Newcastle;0;0;D;1,95;3,8;3,5;1,72;2,1
93;England;England Premiere League;2022/10/16;Leeds;Arsenal;0;1;A;6;4,2;1,55;1,61;2,3
97;England;England Premiere League;2022/10/18;Brighton;Nott'm Forest;0;0;D;1,4;4,75;7;1,72;2,1
98;England;England Premiere League;2022/10/18;Crystal Palace;Wolves;2;1;H;2,25;3,1;3,4;2,5;1,53
103;England;England Premiere League;2022/10/19;Man United;Tottenham;2;0;H;2,45;3,5;2,75;1,72;2,1
99;England;England Premiere League;2022/10/19;Bournemouth;Southampton;0;1;A;2,62;3,3;2,62;2;1,8
100;England;England Premiere League;2022/10/19;Brentford;Chelsea;0;0;D;4,75;3,8;1,72;1,88;2,02
101;England;England Premiere League;2022/10/19;Liverpool;West Ham;1;0;H;1,4;5;7;1,5;2,62
102;England;England Premiere League;2022/10/19;Newcastle;Everton;1;0;H;1,6;3,8;5,75;1,92;1,98
105;England;England Premiere League;2022/10/20;Leicester;Leeds;2;0;H;2,25;3,6;3;1,72;2,1
104;England;England Premiere League;2022/10/20;Fulham;Aston Villa;3;0;H;2,9;3,3;2,5;2;1,9
109;England;England Premiere League;2022/10/22;Chelsea;Man United;1;1;D;2,05;3,5;3,5;1,91;1,99
108;England;England Premiere League;2022/10/22;Man City;Brighton;3;1;H;1,2;7;13;1,44;2,75
107;England;England Premiere League;2022/10/22;Everton;Crystal Palace;3;0;H;2,6;3,2;2,87;2,2;1,66
106;England;England Premiere League;2022/10/22;Nott'm Forest;Liverpool;1;0;H;11;6;1,25;1,5;2,62
110;England;England Premiere League;2022/10/23;Aston Villa;Brentford;4;0;H;2,1;3,5;3,5;1,94;1,96
111;England;England Premiere League;2022/10/23;Leeds;Fulham;2;3;A;2,05;3,5;3,6;1,72;2,1
112;England;England Premiere League;2022/10/23;Southampton;Arsenal;1;1;D;6;4;1,57;1,66;2,2
113;England;England Premiere League;2022/10/23;Wolves;Leicester;0;4;A;2,25;3,25;3,25;2;1,9
114;England;England Premiere League;2022/10/23;Tottenham;Newcastle;1;2;A;2,05;3,5;3,5;1,92;1,98
115;England;England Premiere League;2022/10/24;West Ham;Bournemouth;2;0;H;1,55;4;6;2,01;1,89
116;England;England Premiere League;2022/10/29;Leicester;Man City;0;1;A;10;6,5;1,25;1,44;2,75
117;England;England Premiere League;2022/10/29;Bournemouth;Tottenham;2;3;A;5;3,8;1,7;1,96;1,94
118;England;England Premiere League;2022/10/29;Brentford;Wolves;1;1;D;2,2;3,4;3,3;2,01;1,89
119;England;England Premiere League;2022/10/29;Brighton;Chelsea;4;1;H;3;3,3;2,4;2,1;1,72
121;England;England Premiere League;2022/10/29;Newcastle;Aston Villa;4;0;H;1,8;3,75;4,5;1,94;1,96
123;England;England Premiere League;2022/10/29;Liverpool;Leeds;1;2;A;1,3;6;9;1,36;3,2
122;England;England Premiere League;2022/10/29;Fulham;Everton;0;0;D;2,37;3,4;3;1,87;2,03
120;England;England Premiere League;2022/10/29;Crystal Palace;Southampton;1;0;H;1,9;3,6;4;2,06;1,84
125;England;England Premiere League;2022/10/30;Man United;West Ham;1;0;H;1,66;4;4,8;1,86;2,04
124;England;England Premiere League;2022/10/30;Arsenal;Nott'm Forest;5;0;H;1,2;7;12;1,5;2,62
191;England;England Premiere League;2022/11/01;Southampton;Brentford;4;1;H;2,05;3,4;3,6;2,06;1,84
354;England;England Premiere League;2022/11/05;Leicester;Norwich;3;0;H;1,44;4,75;7;1,61;2,3
355;England;England Premiere League;2022/11/05;Watford;Everton;0;0;D;4,2;3,6;1,83;1,94;1,96
353;England;England Premiere League;2022/11/05;Leeds;Chelsea;0;3;A;4,75;4,2;1,65;1,61;2,3
356;England;England Premiere League;2022/11/05;Wolves;Man City;1;5;A;11;6;1,25;1,66;2,2
145;England;England Premiere League;2022/11/13;Fulham;Man United;1;2;A;3,8;3,8;1,9;1,61;2,3
144;England;England Premiere League;2022/11/13;Brighton;Aston Villa;1;2;A;1,83;3,75;4,2;1,96;1,94
192;England;England Premiere League;2022/12/01;West Ham;Norwich;2;0;H;1,28;5,5;10;1,66;2,2
225;England;England Premiere League;2022/12/02;Brentford;Crystal Palace;0;0;D;2,55;3,1;3;2,3;1,61
226;England;England Premiere League;2022/12/02;Everton;Leeds;3;0;H;2,25;3,5;3;1,66;2,2
227;England;England Premiere League;2022/12/02;Watford;Brighton;0;2;A;3,5;3,3;2,05;2,3;1,61
228;England;England Premiere League;2022/12/02;Norwich;Man City;0;4;A;15;8;1,16;1,44;2,75
224;England;England Premiere League;2022/12/02;Man United;Southampton;1;1;D;1,6;4;5,5;1,72;2,1
273;England;England Premiere League;2022/12/03;Man United;Tottenham;3;2;H;2,2;3,4;3,25;1,72;2,1
272;England;England Premiere League;2022/12/03;Brentford;Burnley;2;0;H;2,15;3,2;3,6;2,3;1,61
271;England;England Premiere League;2022/12/03;Brighton;Liverpool;0;2;A;6;4,33;1,5;1,72;2,1
357;England;England Premiere League;2022/12/05;Tottenham;Arsenal;3;0;H;2,05;3,75;3,5;1,8;2
142;England;England Premiere League;2022/12/11;Newcastle;Chelsea;1;0;H;2,35;3,4;3;1,98;1,92
143;England;England Premiere League;2022/12/11;Wolves;Arsenal;0;2;A;6;4,2;1,55;1,8;2
141;England;England Premiere League;2022/12/11;West Ham;Leicester;0;2;A;2,05;3,4;3,75;1,99;1,91
137;England;England Premiere League;2022/12/11;Bournemouth;Everton;3;0;H;2,8;3,25;2,6;2,1;1,72
139;England;England Premiere League;2022/12/11;Nott'm Forest;Crystal Palace;1;0;H;3,1;3,1;2,45;2,2;1,66
138;England;England Premiere League;2022/12/11;Liverpool;Southampton;3;1;H;1,25;6,5;11;1,4;3
136;England;England Premiere League;2022/12/11;Man City;Brentford;1;2;A;1,14;8;17;1,36;3,2
140;England;England Premiere League;2022/12/11;Tottenham;Leeds;4;3;H;1,65;4,2;4,75;1,61;2,3
151;England;England Premiere League;2022/12/26;Aston Villa;Liverpool;1;3;A;4,75;4;1,7;1,67;2,2
146;England;England Premiere League;2022/12/26;Brentford;Tottenham;2;2;D;4;3,6;1,91;1,8;2
147;England;England Premiere League;2022/12/26;Crystal Palace;Fulham;0;3;A;2,05;3,6;3,5;2,02;1,88
148;England;England Premiere League;2022/12/26;Everton;Wolves;1;2;A;2,3;3,25;3,2;2,2;1,67
149;England;England Premiere League;2022/12/26;Leicester;Newcastle;0;3;A;3,25;3,5;2,2;1,86;2,04
150;England;England Premiere League;2022/12/26;Southampton;Brighton;1;3;A;3,3;3,5;2,15;1,94;1,96
152;England;England Premiere League;2022/12/26;Arsenal;West Ham;3;1;H;1,5;4,33;6,5;1,73;2,1
154;England;England Premiere League;2022/12/27;Man United;Nott'm Forest;3;0;H;1,29;5,5;11;1,67;2,2
153;England;England Premiere League;2022/12/27;Chelsea;Bournemouth;2;0;H;1,3;5,5;10;1,67;2,2
155;England;England Premiere League;2022/12/28;Leeds;Man City;1;3;A;9,5;6;1,29;1,44;2,75
156;England;England Premiere League;2022/12/30;West Ham;Brentford;0;2;A;2;3,6;3,6;1,98;1,95
157;England;England Premiere League;2022/12/30;Liverpool;Leicester;2;1;H;1,29;6;9,5;1,44;2,75
158;England;England Premiere League;2022/12/31;Wolves;Man United;0;1;A;4;3,6;1,91;2,03;1,9
159;England;England Premiere League;2022/12/31;Bournemouth;Crystal Palace;0;2;A;2,8;3,3;2,5;2,1;1,73
160;England;England Premiere League;2022/12/31;Fulham;Southampton;2;1;H;1,95;3,6;3,75;1,73;2,1
161;England;England Premiere League;2022/12/31;Man City;Everton;1;1;D;1,13;9;19;1,36;3,2
162;England;England Premiere League;2022/12/31;Newcastle;Leeds;0;0;D;1,45;4,5;7;1,62;2,3
163;England;England Premiere League;2022/12/31;Brighton;Arsenal;2;4;A;3,4;3,5;2,1;1,89;2,04
164;England;England Premiere League;2023/01/01;Tottenham;Aston Villa;0;2;A;1,67;4;5;1,8;2
165;England;England Premiere League;2023/01/01;Nott'm Forest;Chelsea;1;1;D;5;3,8;1,7;2,02;1,91
240;England;England Premiere League;2023/01/03;Liverpool;Wolves;2;0;H;1,5;4,75;6;1,73;2,1
239;England;England Premiere League;2023/01/03;Arsenal;Everton;4;0;H;1,36;4,75;10;1,85;2,05
274;England;England Premiere League;2023/01/04;Crystal Palace;Leicester;2;1;H;2,5;3,25;2,9;2,1;1,73
270;England;England Premiere League;2023/01/04;Man City;Liverpool;4;1;H;1,62;4,2;5;1,67;2,2
271;England;England Premiere League;2023/01/04;Arsenal;Leeds;4;1;H;1,29;6;9;1,53;2,5
272;England;England Premiere League;2023/01/04;Bournemouth;Fulham;2;1;H;2,55;3,3;2,8;2;1,8
273;England;England Premiere League;2023/01/04;Brighton;Brentford;3;3;D;1,67;4;5;1,73;2,1
276;England;England Premiere League;2023/01/04;Chelsea;Aston Villa;0;2;A;1,67;3,8;5,25;1,97;1,93
275;England;England Premiere League;2023/01/04;Nott'm Forest;Wolves;1;1;D;3;3,1;2,55;2,38;1,57
332;England;England Premiere League;2023/01/05;Leicester;Everton;2;2;D;2;3,5;3,75;2,07;1,83
177;England;England Premiere League;2023/01/13;Aston Villa;Leeds;2;1;H;1,91;3,6;4;1,8;2
183;England;England Premiere League;2023/01/14;Brentford;Bournemouth;2;0;H;1,65;4;5,25;1,8;2
182;England;England Premiere League;2023/01/14;Wolves;West Ham;1;0;H;2,63;3,3;2,7;2,2;1,67
180;England;England Premiere League;2023/01/14;Everton;Southampton;1;2;A;2,25;3,25;3,3;2,1;1,73
181;England;England Premiere League;2023/01/14;Nott'm Forest;Leicester;2;0;H;2,7;3,3;2,63;2,03;1,87
178;England;England Premiere League;2023/01/14;Man United;Man City;2;1;H;4,2;3,6;1,85;1,73;2,1
179;England;England Premiere League;2023/01/14;Brighton;Liverpool;3;0;H;3,4;3,6;2,1;1,57;2,38
184;England;England Premiere League;2023/01/15;Chelsea;Crystal Palace;1;0;H;1,62;4;5,25;2,02;1,88
185;England;England Premiere League;2023/01/15;Newcastle;Fulham;1;0;H;1,5;4,33;6,5;1,73;2,1
186;England;England Premiere League;2023/01/15;Tottenham;Arsenal;0;2;A;3,1;3,6;2,2;1,8;2
187;England;England Premiere League;2023/01/18;Crystal Palace;Man United;1;1;D;4,5;3,6;1,8;1,97;1,93
188;England;England Premiere League;2023/01/19;Man City;Tottenham;4;2;H;1,36;5;8,5;1,53;2,5
194;England;England Premiere League;2023/01/21;Crystal Palace;Newcastle;0;0;D;4,4;3,5;1,85;2,1;1,73
193;England;England Premiere League;2023/01/21;West Ham;Everton;2;0;H;1,8;3,75;4,75;2,1;1,73
192;England;England Premiere League;2023/01/21;Southampton;Aston Villa;0;1;A;2,88;3,25;2,55;2,1;1,73
191;England;England Premiere League;2023/01/21;Leicester;Brighton;2;2;D;3,6;3,5;2,05;1,86;2,04
190;England;England Premiere League;2023/01/21;Bournemouth;Nott'm Forest;1;1;D;2,75;3,1;2,75;2,3;1,62
189;England;England Premiere League;2023/01/21;Liverpool;Chelsea;0;0;D;1,85;3,75;4;1,73;2,1
195;England;England Premiere League;2023/01/22;Leeds;Brentford;0;0;D;2,38;3,6;2,88;1,67;2,2
196;England;England Premiere League;2023/01/22;Man City;Wolves;3;0;H;1,2;8;11;1,5;2,63
197;England;England Premiere League;2023/01/22;Arsenal;Man United;3;2;H;1,8;3,8;4,2;1,73;2,1
198;England;England Premiere League;2023/01/23;Fulham;Tottenham;0;1;A;3,3;3,6;2,1;1,73;2,1
166;England;England Premiere League;2023/02/01;Brentford;Liverpool;3;1;H;5,5;4,33;1,55;1,57;2,38
278;England;England Premiere League;2023/02/04;Newcastle;Man United;2;0;H;2,4;3,4;2,9;1,95;1,95
277;England;England Premiere League;2023/02/04;West Ham;Southampton;1;0;H;1,73;3,6;5;2;1,8
333;England;England Premiere League;2023/02/05;Arsenal;Chelsea;3;1;H;1,6;4;5,5;1,73;2,1
219;England;England Premiere League;2023/02/13;Liverpool;Everton;2;0;H;1,5;4,33;6,5;1,73;2,1
220;England;England Premiere League;2023/02/15;Arsenal;Man City;1;3;A;2,9;3,5;2,35;1,88;2,02
221;England;England Premiere League;2023/02/18;Aston Villa;Arsenal;2;4;A;4,5;3,6;1,5;2,02;1,88
222;England;England Premiere League;2023/02/18;Brentford;Crystal Palace;1;1;D;1,83;3,5;4,5;2,1;1,73
223;England;England Premiere League;2023/02/18;Brighton;Fulham;0;1;A;1,65;3,8;5,5;1,73;2,1
224;England;England Premiere League;2023/02/18;Chelsea;Southampton;0;1;A;1,4;4,75;8,5;1,98;1,92
225;England;England Premiere League;2023/02/18;Everton;Leeds;1;0;H;2,4;3,3;3;2,1;1,73
226;England;England Premiere League;2023/02/18;Nott'm Forest;Man City;1;1;D;8,5;5,5;1,3;1,62;2,3
228;England;England Premiere League;2023/02/18;Newcastle;Liverpool;0;2;A;2,5;3,5;2,7;1,8;2
227;England;England Premiere League;2023/02/18;Wolves;Bournemouth;0;1;A;1,67;3,6;6;2,1;1,73
230;England;England Premiere League;2023/02/19;Tottenham;West Ham;2;0;H;1,75;3,6;4,75;1,88;2,02
229;England;England Premiere League;2023/02/19;Man United;Leicester;3;0;H;1,62;4,33;5,25;1,62;2,3
231;England;England Premiere League;2023/02/24;Fulham;Wolves;1;1;D;2,5;3,2;3;2,2;1,67
236;England;England Premiere League;2023/02/25;Bournemouth;Man City;1;4;A;10;5,75;1,29;1,57;2,38
235;England;England Premiere League;2023/02/25;West Ham;Nott'm Forest;4;0;H;1,75;3,6;5;2,2;1,67
234;England;England Premiere League;2023/02/25;Leicester;Arsenal;0;1;A;4,75;4;1,7;1,67;2,2
233;England;England Premiere League;2023/02/25;Leeds;Southampton;1;0;H;1,95;3,5;4;2,05;1,85
232;England;England Premiere League;2023/02/25;Everton;Aston Villa;0;2;A;2,5;3,2;3;2,3;1,62
237;England;England Premiere League;2023/02/25;Crystal Palace;Liverpool;0;0;D;4,75;3,8;1,73;1,85;2,05
238;England;England Premiere League;2023/02/26;Tottenham;Chelsea;2;0;H;2,55;3,25;2,9;2,08;1,82
170;England;England Premiere League;2023/03/01;Man United;Bournemouth;3;0;H;1,29;5,5;11;1,53;2,5
169;England;England Premiere League;2023/03/01;Leicester;Fulham;0;1;A;2,2;3,6;3,1;1,73;2,1
168;England;England Premiere League;2023/03/01;Everton;Brighton;1;4;A;3,5;3,5;2,1;2,02;1,88
167;England;England Premiere League;2023/03/01;Arsenal;Newcastle;0;0;D;1,8;3,8;4,33;1,8;2
199;England;England Premiere League;2023/03/02;Chelsea;Fulham;0;0;D;1,62;4;5,25;1,91;1,99
279;England;England Premiere League;2023/03/04;Everton;Tottenham;1;1;D;3,4;3,3;2,2;2,1;1,73
334;England;England Premiere League;2023/03/05;Liverpool;Fulham;1;0;H;1,25;5,75;11;1,44;2,75
335;England;England Premiere League;2023/03/05;Man City;West Ham;3;0;H;1,2;7;13;1,44;2,75
261;England;England Premiere League;2023/03/15;Brighton;Crystal Palace;1;0;H;1,44;4,2;8;1,93;1,97
262;England;England Premiere League;2023/03/15;Southampton;Brentford;0;2;A;2,88;3,25;2,5;2,1;1,73
263;England;England Premiere League;2023/03/17;Nott'm Forest;Newcastle;1;2;A;5,5;3,8;1,62;2,07;1,83
264;England;England Premiere League;2023/03/18;Aston Villa;Bournemouth;3;0;H;1,7;3,8;5;1,97;1,93
265;England;England Premiere League;2023/03/18;Brentford;Leicester;1;1;D;1,91;3,6;3,75;1,89;2,01
266;England;England Premiere League;2023/03/18;Southampton;Tottenham;3;3;D;4,75;3,6;1,75;2,06;1,84
267;England;England Premiere League;2023/03/18;Wolves;Leeds;2;4;A;2,25;3,2;3,3;2,2;1,67
268;England;England Premiere League;2023/03/18;Chelsea;Everton;2;2;D;1,5;4,2;7,5;2,1;1,73
269;England;England Premiere League;2023/03/19;Arsenal;Crystal Palace;4;1;H;1,25;5,5;15;1,73;2,1
171;England;England Premiere League;2023/04/01;Southampton;Nott'm Forest;0;1;A;2;3,5;3,8;2,06;1,84
172;England;England Premiere League;2023/04/01;Leeds;West Ham;2;2;D;2,6;3,5;2,6;1,8;2
173;England;England Premiere League;2023/04/01;Aston Villa;Wolves;1;1;D;1,95;3,6;4;2,08;1,82
174;England;England Premiere League;2023/04/01;Crystal Palace;Tottenham;0;4;A;3,4;3,5;2,15;1,92;1,98
205;England;England Premiere League;2023/04/02;Wolves;Liverpool;3;0;H;4;3,8;1,85;1,8;2
204;England;England Premiere League;2023/04/02;Man United;Crystal Palace;2;1;H;1,4;4,75;8;1,88;2,02
203;England;England Premiere League;2023/04/02;Brighton;Bournemouth;1;0;H;1,33;5,25;8,5;1,73;2,1
206;England;England Premiere League;2023/04/02;Newcastle;West Ham;1;1;D;1,6;3,8;6;2;1,8
202;England;England Premiere League;2023/04/02;Brentford;Southampton;3;0;H;1,85;3,6;4,2;2,04;1,86
201;England;England Premiere League;2023/04/02;Aston Villa;Leicester;2;4;A;1,95;3,6;3,8;1,94;1,96
200;England;England Premiere League;2023/04/02;Everton;Arsenal;1;0;H;8,5;4,5;1,4;1,87;2,03
247;England;England Premiere League;2023/04/03;Southampton;Leicester;1;0;H;2,75;3,3;2,6;2,06;1,84
245;England;England Premiere League;2023/04/03;Chelsea;Leeds;1;0;H;1,62;4;5,5;1,95;1,95
243;England;England Premiere League;2023/04/03;Aston Villa;Crystal Palace;1;0;H;2,05;3,3;3,8;2,3;1,62
242;England;England Premiere League;2023/04/03;Arsenal;Bournemouth;3;2;H;1,22;7;12;1,57;2,38
241;England;England Premiere League;2023/04/03;Man City;Newcastle;2;0;H;1,45;4,5;7;1,73;2,1
246;England;England Premiere League;2023/04/03;Wolves;Tottenham;1;0;H;3,3;3,4;2,2;2,1;1,73
244;England;England Premiere League;2023/04/03;Brighton;West Ham;4;0;H;1,8;3,6;4,5;1,95;1,95
280;England;England Premiere League;2023/04/04;Bournemouth;Brighton;0;2;A;6;4,2;1,53;1,8;2
281;England;England Premiere League;2023/04/04;Leeds;Nott'm Forest;2;1;H;1,7;3,75;5;1,98;1,92
283;England;England Premiere League;2023/04/04;Chelsea;Liverpool;0;0;D;2,2;3,4;3,25;1,95;1,95
282;England;England Premiere League;2023/04/04;Leicester;Aston Villa;1;2;A;2,55;3,3;2,75;1,99;1,91
336;England;England Premiere League;2023/04/05;Brighton;Man United;1;0;H;1,95;3,5;3,75;1,57;2,38
298;England;England Premiere League;2023/04/15;Everton;Fulham;1;3;A;2,05;3,4;3,7;2,2;1,67
296;England;England Premiere League;2023/04/15;Aston Villa;Newcastle;3;0;H;3,6;3,4;2,05;2,07;1,83
297;England;England Premiere League;2023/04/15;Chelsea;Brighton;1;2;A;2,63;3,4;2,63;1,94;1,96
299;England;England Premiere League;2023/04/15;Southampton;Crystal Palace;0;2;A;2,8;3,1;2,7;2,3;1,62
300;England;England Premiere League;2023/04/15;Tottenham;Bournemouth;2;3;A;1,45;4,5;7;1,67;2,2
301;England;England Premiere League;2023/04/15;Wolves;Brentford;2;0;H;2,45;3,1;3;2,2;1,67
302;England;England Premiere League;2023/04/15;Man City;Leicester;3;1;H;1,14;8,5;15;1,33;3,4
304;England;England Premiere League;2023/04/16;Nott'm Forest;Man United;0;2;A;5,5;4;1,62;1,8;2
303;England;England Premiere League;2023/04/16;West Ham;Arsenal;2;2;D;6;4,2;1,55;1,8;2
305;England;England Premiere League;2023/04/17;Leeds;Liverpool;1;6;A;4,2;4,2;1,73;1,57;2,38
306;England;England Premiere League;2023/04/21;Arsenal;Southampton;3;3;D;1,2;7;13;1,5;2,63
307;England;England Premiere League;2023/04/22;Fulham;Leeds;2;1;H;2,3;3,4;3,1;1,92;1,98
308;England;England Premiere League;2023/04/22;Brentford;Aston Villa;1;1;D;2,5;3,25;2,88;2;1,9
309;England;England Premiere League;2023/04/22;Crystal Palace;Everton;0;0;D;2,05;3,2;3,75;2,3;1,62
310;England;England Premiere League;2023/04/22;Leicester;Wolves;2;1;H;2,38;3,3;3;2,1;1,73
311;England;England Premiere League;2023/04/22;Liverpool;Nott'm Forest;3;2;H;1,17;7,5;17;1,44;2,75
312;England;England Premiere League;2023/04/23;Bournemouth;West Ham;0;4;A;2,88;3,2;2,55;2,1;1,73
313;England;England Premiere League;2023/04/23;Newcastle;Tottenham;6;1;H;1,83;3,75;4,2;1,86;2,04
315;England;England Premiere League;2023/04/25;Aston Villa;Fulham;1;0;H;1,75;4;4,2;1,81;2,09
316;England;England Premiere League;2023/04/25;Leeds;Leicester;1;1;D;2,3;3,5;3;1,73;2,1
314;England;England Premiere League;2023/04/25;Wolves;Crystal Palace;2;0;H;2,45;3,2;3;2,5;1,53
318;England;England Premiere League;2023/04/26;Chelsea;Brentford;0;2;A;1,7;4;4,75;2;1,9
319;England;England Premiere League;2023/04/26;West Ham;Liverpool;1;2;A;3,9;3,9;1,85;1,67;2,2
317;England;England Premiere League;2023/04/26;Nott'm Forest;Brighton;3;1;H;6;4,2;1,53;1,73;2,1
320;England;England Premiere League;2023/04/26;Man City;Arsenal;4;1;H;1,55;4,5;5,25;1,62;2,3
323;England;England Premiere League;2023/04/27;Tottenham;Man United;2;2;D;2,8;3,6;2,4;1,67;2,2
322;England;England Premiere League;2023/04/27;Southampton;Bournemouth;0;1;A;2,25;3,4;3,2;2,03;1,87
321;England;England Premiere League;2023/04/27;Everton;Newcastle;1;4;A;4,75;3,6;1,73;2;1,8
326;England;England Premiere League;2023/04/29;Brighton;Wolves;6;0;H;1,5;4,33;6,5;1,85;2,05
325;England;England Premiere League;2023/04/29;Brentford;Nott'm Forest;2;1;H;1,65;3,8;5,5;1,99;1,91
324;England;England Premiere League;2023/04/29;Crystal Palace;West Ham;4;3;H;2,63;3,25;2,75;2,2;1,67
327;England;England Premiere League;2023/04/30;Bournemouth;Leeds;4;1;H;2,55;3,5;2,7;1,8;2
328;England;England Premiere League;2023/04/30;Fulham;Man City;1;2;A;12;6;1,25;1,53;2,5
329;England;England Premiere League;2023/04/30;Man United;Aston Villa;1;0;H;1,73;3,9;4,6;1,67;2,2
330;England;England Premiere League;2023/04/30;Newcastle;Southampton;3;1;H;1,3;5,25;10;1,73;2,1
331;England;England Premiere League;2023/04/30;Liverpool;Tottenham;4;3;H;1,53;4,5;5,75;1,5;2,63
175;England;England Premiere League;2023/05/01;Chelsea;Man City;0;1;A;5;4;1,67;1,8;2
208;England;England Premiere League;2023/05/02;Tottenham;Man City;1;0;H;4,33;4,2;1,73;1,67;2,2
207;England;England Premiere League;2023/05/02;Nott'm Forest;Leeds;1;0;H;2,63;3,3;2,7;1,94;1,96
248;England;England Premiere League;2023/05/03;Nott'm Forest;Everton;2;2;D;2,7;3;2,88;2,5;1,53
249;England;England Premiere League;2023/05/03;Liverpool;Man United;7;0;H;2,38;3,6;2,88;1,67;2,2
285;England;England Premiere League;2023/05/04;West Ham;Newcastle;1;5;A;3,6;3,25;2,15;2,1;1,73
284;England;England Premiere League;2023/05/04;Man United;Brentford;1;0;H;1,65;4;5;1,73;2,1
348;England;England Premiere League;2023/05/13;Aston Villa;Tottenham;2;1;H;2,25;3,6;2,9;1,73;2,1
349;England;England Premiere League;2023/05/13;Chelsea;Nott'm Forest;2;2;D;1,5;4,5;6;1,86;2,04
350;England;England Premiere League;2023/05/13;Crystal Palace;Bournemouth;2;0;H;1,83;3,6;4,2;1,94;1,96
351;England;England Premiere League;2023/05/13;Man United;Wolves;2;0;H;1,36;5;7,5;1,67;2,2
352;England;England Premiere League;2023/05/13;Southampton;Fulham;0;2;A;2,75;3,3;2,5;1,91;1,99
347;England;England Premiere League;2023/05/13;Leeds;Newcastle;2;2;D;4,33;4,2;1,7;1,62;2,3
354;England;England Premiere League;2023/05/14;Everton;Man City;0;3;A;9;4,75;1,36;1,67;2,2
355;England;England Premiere League;2023/05/14;Arsenal;Brighton;0;3;A;1,73;4,2;4,2;1,53;2,5
353;England;England Premiere League;2023/05/14;Brentford;West Ham;2;0;H;2;3,5;3,6;2;1,9
356;England;England Premiere League;2023/05/15;Leicester;Liverpool;0;3;A;5,25;4,33;1,57;1,5;2,63
357;England;England Premiere League;2023/05/18;Newcastle;Brighton;4;1;H;2;3,8;3,5;1,62;2,3
358;England;England Premiere League;2023/05/20;Tottenham;Brentford;1;3;A;1,83;3,9;4;1,73;2,1
359;England;England Premiere League;2023/05/20;Bournemouth;Man United;0;1;A;6;4,75;1,5;1,57;2,38
360;England;England Premiere League;2023/05/20;Fulham;Crystal Palace;2;2;D;2,45;3,4;2,9;2,05;1,85
361;England;England Premiere League;2023/05/20;Liverpool;Aston Villa;1;1;D;1,45;5;6,25;1,53;2,5
362;England;England Premiere League;2023/05/20;Wolves;Everton;1;1;D;2,75;3,3;2,6;2,1;1,73
363;England;England Premiere League;2023/05/20;Nott'm Forest;Arsenal;1;0;H;5,25;4,33;1,57;1,57;2,38
364;England;England Premiere League;2023/05/21;West Ham;Leeds;3;1;H;2,4;3,5;2,88;1,8;2
366;England;England Premiere League;2023/05/21;Man City;Chelsea;1;0;H;1,25;6;11;1,5;2,63
365;England;England Premiere League;2023/05/21;Brighton;Southampton;3;1;H;1,22;7;11;1,4;3
367;England;England Premiere League;2023/05/22;Newcastle;Leicester;0;0;D;1,36;5,5;7;1,5;2,63
368;England;England Premiere League;2023/05/24;Brighton;Man City;1;1;D;4;4,33;1,75;1,53;2,5
369;England;England Premiere League;2023/05/25;Man United;Chelsea;4;1;H;1,6;4,33;5;1,57;2,38
376;England;England Premiere League;2023/05/28;Leeds;Tottenham;1;4;A;2,75;3,8;2,3;1,5;2,63
377;England;England Premiere League;2023/05/28;Leicester;West Ham;2;1;H;1,91;3,8;3,6;1,67;2,2
375;England;England Premiere League;2023/05/28;Everton;Bournemouth;1;0;H;1,5;4,5;6,5;1,67;2,2
374;England;England Premiere League;2023/05/28;Crystal Palace;Nott'm Forest;1;1;D;1,67;4;5;1,67;2,2
373;England;England Premiere League;2023/05/28;Chelsea;Newcastle;1;1;D;2,9;3,5;2,38;1,73;2,1
372;England;England Premiere League;2023/05/28;Brentford;Man City;1;0;H;3,8;4;1,83;1,62;2,3
370;England;England Premiere League;2023/05/28;Arsenal;Wolves;5;0;H;1,36;5,25;8;1,44;2,75
371;England;England Premiere League;2023/05/28;Aston Villa;Brighton;2;1;H;2;3,6;3,5;1,53;2,5
379;England;England Premiere League;2023/05/28;Southampton;Liverpool;4;4;D;6,5;4,75;1,44;1,4;3
378;England;England Premiere League;2023/05/28;Man United;Fulham;2;1;H;1,5;4,33;6;1,5;2,63
250;England;England Premiere League;2023/06/03;Brentford;Fulham;3;2;H;1,95;3,6;3,75;1,94;1,96
337;England;England Premiere League;2023/06/05;Bournemouth;Chelsea;1;3;A;3,3;3,5;2,15;1,99;1,91
338;England;England Premiere League;2023/06/05;Man City;Leeds;2;1;H;1,17;8,5;15;1,3;3,5
339;England;England Premiere League;2023/06/05;Tottenham;Crystal Palace;1;0;H;1,8;3,8;4,2;1,73;2,1
340;England;England Premiere League;2023/06/05;Wolves;Aston Villa;1;0;H;2,88;3,3;2,5;2,2;1,67
341;England;England Premiere League;2023/06/05;Liverpool;Brentford;1;0;H;1,44;5;6;1,5;2,63
342;England;England Premiere League;2023/07/05;Newcastle;Arsenal;0;2;A;2,45;3,75;2,63;1,62;2,3
343;England;England Premiere League;2023/07/05;West Ham;Man United;1;0;H;3,4;3,75;2,05;1,73;2,1
209;England;England Premiere League;2023/08/02;Man United;Leeds;2;2;D;1,45;5;6;1,57;2,38
286;England;England Premiere League;2023/08/04;Man United;Everton;2;0;H;1,5;4,33;6,5;1,86;2,04
288;England;England Premiere League;2023/08/04;Brentford;Newcastle;1;2;A;3,6;3,4;2,05;2,03;1,87
289;England;England Premiere League;2023/08/04;Fulham;West Ham;0;1;A;2,8;3,25;2,63;2,2;1,67
290;England;England Premiere League;2023/08/04;Leicester;Bournemouth;0;1;A;1,83;3,75;4,2;1,88;2,02
287;England;England Premiere League;2023/08/04;Aston Villa;Nott'm Forest;2;0;H;1,6;4,2;5,25;1,94;1,96
292;England;England Premiere League;2023/08/04;Wolves;Chelsea;1;0;H;4,2;3,5;1,91;2,2;1,67
293;England;England Premiere League;2023/08/04;Southampton;Man City;1;4;A;11;6;1,25;1,62;2,3
291;England;England Premiere League;2023/08/04;Tottenham;Brighton;2;1;H;2,55;3,5;2,7;1,85;2,05
346;England;England Premiere League;2023/08/05;Nott'm Forest;Southampton;4;3;H;2,1;3,6;3,4;2,03;1,87
345;England;England Premiere League;2023/08/05;Brighton;Everton;1;5;A;1,33;5,25;9;1,57;2,38
344;England;England Premiere League;2023/08/05;Fulham;Leicester;5;3;H;2,63;3,5;2,6;1,86;2,04
294;England;England Premiere League;2023/09/04;Leeds;Crystal Palace;1;5;A;2,1;3,4;3,6;2,1;1,73
295;England;England Premiere League;2023/09/04;Liverpool;Arsenal;2;2;D;2,88;3,6;2,38;1,62;2,3
215;England;England Premiere League;2023/11/02;Southampton;Wolves;1;2;A;2,9;3,2;2,55;2,3;1,62
216;England;England Premiere League;2023/11/02;Bournemouth;Newcastle;1;1;D;6,5;4;1,53;2,04;1,86
212;England;England Premiere League;2023/11/02;Crystal Palace;Brighton;1;1;D;3,8;3,5;2;2;1,8
211;England;England Premiere League;2023/11/02;Arsenal;Brentford;1;1;D;1,44;4,75;7;1,73;2,1
213;England;England Premiere League;2023/11/02;Fulham;Nott'm Forest;2;0;H;1,91;3,5;4,33;2,1;1,73
210;England;England Premiere League;2023/11/02;West Ham;Chelsea;1;1;D;3,3;3,3;2,25;2,2;1,67
214;England;England Premiere League;2023/11/02;Leicester;Tottenham;4;1;H;3,4;3,6;2,1;1,73;2,1
251;England;England Premiere League;2023/11/03;Bournemouth;Liverpool;1;0;H;7,5;5;1,4;1,62;2,3
253;England;England Premiere League;2023/11/03;Leeds;Brighton;2;2;D;3,75;3,6;1,95;1,89;2,04
255;England;England Premiere League;2023/11/03;Tottenham;Nott'm Forest;3;1;H;1,44;4,75;7;1,88;2,05
256;England;England Premiere League;2023/11/03;Crystal Palace;Man City;0;1;A;9;4,75;1,36;1,8;2
252;England;England Premiere League;2023/11/03;Everton;Brentford;1;0;H;2,7;3,25;2,7;2,2;1,67
254;England;England Premiere League;2023/11/03;Leicester;Chelsea;1;3;A;3,75;3,5;1,95;2,02;1,91
176;England;England Premiere League;2023/12/01;Fulham;Chelsea;2;1;H;3,3;3,5;2,15;1,87;2,03
218;England;England Premiere League;2023/12/02;Man City;Aston Villa;3;1;H;1,25;6,5;11;1,5;2,63
217;England;England Premiere League;2023/12/02;Leeds;Man United;0;2;A;3,75;3,8;1,91;1,67;2,2
257;England;England Premiere League;2023/12/03;Fulham;Arsenal;0;3;A;6;4;1,57;1,85;2,08
259;England;England Premiere League;2023/12/03;West Ham;Aston Villa;1;1;D;2,2;3,3;3,4;2,08;1,85
260;England;England Premiere League;2023/12/03;Newcastle;Wolves;2;1;H;1,65;3,75;5,5;2,2;1,67
258;England;England Premiere League;2023/12/03;Man United;Southampton;0;0;D;1,36;5;9;1,62;2,3
